Reaction,Pvalue,Padj,Reject,FC
MAR09685,0.0,0.0,True,1.0
MAR04482,3.652067838154094e-260,1.3224832011893274e-259,True,-1.0
MAR08077,0.0,0.0,True,1.0
MAR11802,0.0,0.0,True,0.8842951270726234
MAR00204,1.0010596819739184e-239,3.393537916474085e-239,True,-1.0
MAR05525,2.8513106707793296e-126,6.9405074376531e-126,True,42.61990156970101
MAR02231,0.0,0.0,True,-0.8261435780563243
MAR01263,3.3346453604534994e-238,1.1227989439043835e-237,True,-1.0
MAR03282,1.7492235820299696e-06,1.9712343437961945e-06,True,1.0
MAR05504,0.0,0.0,True,8.881177852246282
MAR00337,2.3731348927723294e-117,5.575302784808815e-117,True,1.0
MAR02685,0.0,0.0,True,-1.0
MAR08734,0.0,0.0,True,3.40855624425558
MAR01684,1.1212474452080554e-233,3.7200962444070453e-233,True,-1.0
MAR06816,7.89195695786226e-174,2.1878258455407043e-173,True,-0.9025522041763343
MAR01452,0.0,0.0,True,2.096682776846426
MAR05544,0.0,0.0,True,2.216645651741008
MAR11695,0.0,0.0,True,-1.0
MAR05386,0.0,0.0,True,1.0
MAR03132,0.0,0.0,True,1.0
MAR03897,0.0,0.0,True,-0.9981374680443909
MAR05586,0.0,0.0,True,12.623855830615447
MAR04586,0.0,0.0,True,1.4284104963279554
MAR04693,1.6300754154993291e-28,2.5027927148743548e-28,True,1.0
MAR07863,0.0,0.0,True,1.2190426241998829
MAR04656,0.0,0.0,True,-1.0
MAR02312,2.883581140542334e-192,8.444289842315873e-192,True,1.0
MAR05367,7.246822006432893e-17,9.8640594141026e-17,True,1.0
MAR02229,0.0,0.0,True,-0.8259670322453536
MAR07808,5.835110804296636e-95,1.2550518497172504e-94,True,1.2579242185716129
MAR06014,0.0,0.0,True,1.809643654634816
MAR03244,0.0,0.0,True,1.0
MAR02625,0.0,0.0,True,1.3978814961933135
MAR04864,0.0,0.0,True,6.209914326950577
MAR05560,0.0,0.0,True,1.0316859433072085
MAR03769,0.0,0.0,True,1.0
MAR03802,2.0217057490332576e-151,5.3377310516803996e-151,True,0.8354212387415136
MAR02267,4.13683688024471e-245,1.4236424849945586e-244,True,-1.0
MAR02246,0.0,0.0,True,-0.8258524875867285
MAR02412,1.5818384838992494e-101,3.47725728398998e-101,True,-1.0
MAR02598,9.623755032161114e-258,3.449894943281893e-257,True,-1.0145719489981786
MAR09074,2.8792906275024907e-226,9.1982459867077e-226,True,-1.0
MAR11378,0.0,0.0,True,-1.0
MAR05578,0.0,0.0,True,0.8318745399092524
MAR03275,6.990901300156074e-06,7.790218286685755e-06,True,1.0
MAR06101,0.0,0.0,True,-1.0
MAR06277,0.0,0.0,True,-5.236816689470431
MAR02681,0.0,0.0,True,-1.0
MAR06049,3.827420009052391e-167,1.0470847502835214e-166,True,-6.524997513522666
MAR00624,1.2110195357376333e-203,3.6316030548862923e-203,True,1.0
MAR03182,1.0803862970983087e-230,3.537485316614541e-230,True,1.0
MAR02319,4.7209757282453527e-135,1.1838024564796135e-134,True,-1.0
MAR08453,0.0,0.0,True,-1.3913711739537125
MAR02662,0.0,0.0,True,2.1317870321560357
MAR05579,0.0,0.0,True,-2.7926906102310527
MAR06019,0.0,0.0,True,-2.1259792799333055
MAR00357,0.0,0.0,True,1.0
MAR07896,0.0,0.0,True,1.0
MAR04781,0.0,0.0,True,-1.0
MAR05373,1.5702401851850447e-15,2.0905812497527678e-15,True,1.0
MAR00194,0.0,0.0,True,-1.0
MAR01718,5.568767486084818e-92,1.1814689521923148e-91,True,1.0
MAR11962,1.7943295882682484e-228,5.79152952487617e-228,True,1.0
MAR05549,0.0,0.0,True,-1.6487143161888271
MAR03804,2.7323854739240687e-158,7.314701456481279e-158,True,-0.8840625654290555
MAR05404,1.003727957465678e-14,1.3215310046843624e-14,True,1.0
MAR02343,0.0,0.0,True,-1.0
MAR08947,0.0,0.0,True,1.0
MAR05484,0.0,0.0,True,1.2312474717505106
MAR02228,0.0,0.0,True,-0.8219874414432372
MAR00385,6.926908895158878e-246,2.3871046537874865e-245,True,-1.0
MAR04792,0.0,0.0,True,1.0
MAR01911,1.1412985810949231e-07,1.3269058526709382e-07,True,-1.0
MAR00433,0.0,0.0,True,-1.0
MAR04304,3.528972349889754e-06,3.95542947572998e-06,True,1.0
MAR08609,0.0,0.0,True,-0.9959047899079286
MAR00339,0.0,0.0,True,1.0
MAR05581,0.0,0.0,True,-3.070366155509017
MAR02242,0.0,0.0,True,-0.8274476215575173
MAR05443,2.165237789572251e-146,5.6332307455503295e-146,True,1.0
MAR08451,0.0,0.0,True,-9.33077183372458
MAR00844,0.0,0.0,True,-1.0
MAR11377,0.0,0.0,True,1.0
MAR03285,8.513708327314542e-07,9.699407432260175e-07,True,1.0
MAR01562,2.954780090542833e-124,7.136666336790289e-124,True,1.0
MAR02241,0.0,0.0,True,-0.8239857392797015
MAR09804,0.0,0.0,True,-1.0
MAR00239,0.0,0.0,True,-1.0
MAR11443,0.0,0.0,True,-1.0
MAR05035,1.0010596819739184e-239,3.393537916474085e-239,True,-11.642917015926233
MAR07865,0.0,0.0,True,1.2374953017204935
MAR05195,0.0,0.0,True,1.0
MAR05462,0.0,0.0,True,4.655439630612088
MAR06050,0.0,0.0,True,-0.9813934262587107
MAR09440,0.0,0.0,True,1.0
MAR08345,2.954780090542833e-124,7.136666336790289e-124,True,-1.0
MAR04706,0.0,0.0,True,1.0
MAR00297,6.283426277106529e-233,2.0736968996535436e-232,True,-1.0
MAR02646,0.0,0.0,True,-2.3669775095995615
MAR02321,4.147632068006112e-136,1.0442322915918518e-135,True,-1.0
MAR03222,0.0,0.0,True,1.0
MAR03861,3.785311998550522e-209,1.150347556197753e-208,True,-1.0
MAR00393,3.5288451775889846e-235,1.1739291624112688e-234,True,-1.0
MAR06046,0.0,0.0,True,-1.2526264105889355
MAR07850,0.0,0.0,True,0.8645035367063211
MAR04184,5.9614800888747065e-230,1.9417614649794248e-229,True,-1.0
MAR04287,1.3701847820965857e-22,1.9968522379269752e-22,True,1.0
MAR02634,0.0,0.0,True,-2.0415806490066135
MAR00214,2.7804448531502193e-202,8.308035818694368e-202,True,-1.0
MAR00975,6.360994696792759e-141,1.6277622326664548e-140,True,-1.0
MAR02233,0.0,0.0,True,-0.8240191038439852
MAR00620,0.0,0.0,True,-1.0
MAR05545,0.0,0.0,True,0.9968674567142285
MAR05124,0.0,0.0,True,1.0007610965939888
MAR02683,0.0,0.0,True,1.0
MAR07842,0.0,0.0,True,-0.8994197527187079
MAR03292,1.7492235820299696e-06,1.9712343437961945e-06,True,1.0
MAR02620,0.0,0.0,True,1.0
MAR05506,0.0,0.0,True,-0.9600904998063887
MAR02247,0.0,0.0,True,-0.8245198631938963
MAR00389,1.8582877929472538e-74,3.688486908037708e-74,True,-1.0
MAR05181,0.0,0.0,True,1.0
MAR00399,0.0,0.0,True,-1.0
MAR07621,0.0,0.0,True,1.0
MAR09254,0.0,0.0,True,1.0
MAR02677,0.0,0.0,True,1.0
MAR02257,0.0,0.0,True,-0.8606039841417454
MAR05343,0.0,0.0,True,-1.0
MAR02744,0.0,0.0,True,10.063303057218734
MAR03281,1.9092886474554655e-07,2.207449108156342e-07,True,1.0
MAR09917,9.710257857878779e-29,1.4945770114378502e-28,True,1.0
MAR02606,3.4081594308883767e-100,7.452548448787467e-100,True,-3.901960784313726
MAR09411,0.0,0.0,True,0.8809894097607938
MAR00377,0.0,0.0,True,1.0086034413765508
MAR03111,0.0,0.0,True,1.0
MAR06020,0.0,0.0,True,-80.79181591750552
MAR01593,1.2354887717127082e-13,1.593046245696748e-13,True,0.8699999999999999
MAR13061,4.6808597738937573e-265,1.7250731367599594e-264,True,-1.0
MAR02655,0.0,0.0,True,0.9605959073718963
MAR01231,8.342554314270397e-225,2.6515507024337125e-224,True,1.0
MAR05536,0.0,0.0,True,-1.2878754336610427
MAR09894,0.0,0.0,True,-1.0
MAR02230,0.0,0.0,True,-0.8235977816889716
MAR00275,0.0,0.0,True,-1.0
MAR00319,1.7223838690805776e-71,3.3757641424635043e-71,True,1.0
MAR07832,0.0,0.0,True,-1.0
MAR03426,3.328318371004937e-274,1.2525119661624915e-273,True,-1.0
MAR04695,0.0,0.0,True,-0.8310724384289447
MAR00373,3.6027861920308306e-137,9.088929776660184e-137,True,-1.0
MAR01487,0.0,0.0,True,8.942712841851543
MAR06028,0.0,0.0,True,12.60760708193988
MAR04081,0.0,0.0,True,1.0
MAR00365,0.0,0.0,True,1.0
MAR02172,0.0,0.0,True,-1.0
MAR00982,1.5360187987153305e-210,4.685045113441014e-210,True,1.0
MAR05501,0.0,0.0,True,-16.909575648122196
MAR05444,0.0,0.0,True,-1.0
MAR05389,0.0,0.0,True,1.0
MAR02644,0.0,0.0,True,2.018325640476838
MAR00369,2.6270185242115367e-139,6.6950063512847646e-139,True,-1.0
MAR03895,0.0,0.0,True,-0.9982310033886622
MAR06054,0.0,0.0,True,-0.9953689006328834
MAR09068,0.0,0.0,True,-1.0087893436280588
MAR04689,0.0,0.0,True,1.0
MAR01984,0.0,0.0,True,1.0
MAR01853,6.926908895158878e-246,2.3871046537874865e-245,True,1.0
MAR04061,1.4009782290842566e-250,4.9024413486188215e-250,True,1.0
MAR00250,0.0,0.0,True,1.0
MAR05385,0.0,0.0,True,1.0
MAR01045,1.476364542563226e-97,3.2058568613535676e-97,True,-1.0
MAR05566,0.0,0.0,True,1.4470046622279968
MAR03212,0.0,0.0,True,-1.0
MAR03279,1.7492235820299696e-06,1.9712343437961945e-06,True,1.0
MAR10021,0.0,0.0,True,1.0
MAR08653,1.3433151993983066e-08,1.5937096635752616e-08,True,1.0
MAR00403,0.0,0.0,True,-1.0
MAR02268,1.5797675045356538e-267,5.847952409223229e-267,True,-1.0
MAR07871,0.0,0.0,True,-8.885413601184597
MAR02638,0.0,0.0,True,-0.8228656347177412
MAR00160,0.0,0.0,True,-4.589575214033677
MAR06392,0.0,0.0,True,-0.9922228973179412
MAR03023,8.22523681091035e-119,1.9563361147017466e-118,True,-1.0
MAR00405,0.0,0.0,True,0.8363448768485938
MAR00421,1.5860009962863472e-134,3.9570724857344364e-134,True,-1.0
MAR02372,0.0,0.0,True,-1.0
MAR06389,0.0,0.0,True,-1.0
MAR05572,0.0,0.0,True,1.3672756859410427
MAR07822,0.0,0.0,True,2.1712352940723054
MAR00293,7.616605126266247e-130,1.86857716716168e-129,True,1.0
MAR00617,0.0,0.0,True,1.0
MAR02953,5.318760661816324e-227,1.705695096559348e-226,True,1.0
MAR05114,0.0,0.0,True,-1.0
MAR00378,0.0,0.0,True,0.939665787159191
MAR03130,0.0,0.0,True,1.0
MAR05463,0.0,0.0,True,1.3553851670828476
MAR00279,9.704116365850591e-220,3.034056432681357e-219,True,1.0
MAR05907,0.0,0.0,True,-0.8478670847885085
MAR02407,6.607762098084648e-199,1.9626626708001426e-198,True,1.0
MAR07626,0.0,0.0,True,1.0
MAR00569,0.0,0.0,True,1.0
MAR05573,0.0,0.0,True,-2.214038109070345
MAR03783,0.0,0.0,True,-1.0
MAR04340,1.2354887717127082e-13,1.593046245696748e-13,True,-1.0
MAR00323,1.0884735931836574e-153,2.889086824460878e-153,True,1.0
MAR01895,1.95944553657125e-33,3.133856803682865e-33,True,1.0
MAR04078,0.0,0.0,True,1.0
MAR05956,0.0,0.0,True,-0.9319324698450172
MAR01766,0.0,0.0,True,1.0
MAR04970,4.036316194958692e-153,1.0702028593434577e-152,True,1.0
MAR02676,0.0,0.0,True,-1.0
MAR04122,4.361853008614382e-112,9.984241519718242e-112,True,1.0
MAR02630,0.0,0.0,True,-1.4713711621925736
MAR08462,0.0,0.0,True,1.0831113604046025
MAR04505,2.332572779609904e-16,3.152637640913711e-16,True,-1.0
MAR05510,0.0,0.0,True,-7.588384444118435
MAR06035,0.0,0.0,True,0.840937174134297
MAR04262,0.0,0.0,True,0.8278318016952044
MAR03421,5.77199391392635e-29,8.911587138147427e-29,True,-1.0
MAR06009,0.0,0.0,True,-5.408503345811096
MAR10026,2.4224167161371645e-213,7.434107880396341e-213,True,1.0
MAR03751,0.0,0.0,True,1.0
MAR00446,2.529553479526401e-118,5.987889878006044e-118,True,1.0
MAR05477,0.0,0.0,True,1.0663639685237694
MAR02338,2.2050501705623116e-140,5.636885425771483e-140,True,-1.0
MAR01570,6.0023e-319,2.47943e-318,True,1.0
MAR02345,0.0,0.0,True,-1.0
MAR01771,0.0,0.0,True,1.0
MAR04872,0.0,0.0,True,-2.8765208725768576
MAR08861,8.575382754537087e-250,2.996579828091041e-249,True,-1.0117475272455736
MAR11281,0.0,0.0,True,-1.0
MAR11810,2.380997184745219e-223,7.557999969388449e-223,True,1.0
MAR05384,0.0,0.0,True,1.0
MAR00106,0.0,0.0,True,-0.8338930406353117
MAR06246,0.0,0.0,True,-1.0
MAR00245,3.276878503397688e-229,1.061793748828212e-228,True,1.0
MAR03371,0.0006029005665324465,0.0006420131939814144,True,1.0
MAR02545,1.3704064925662903e-277,5.204207304342305e-277,True,1.0
MAR04854,0.0,0.0,True,-4.754087821903689
MAR04735,0.0,0.0,True,-1.0
MAR06018,0.0,0.0,True,1.57505156212232
MAR06007,0.0,0.0,True,1.3942231987728981
MAR00283,0.0,0.0,True,1.0
MAR05482,0.0,0.0,True,-10.119687154013285
MAR03278,7.335921717149848e-05,7.982173870165229e-05,True,1.0
MAR09803,0.0,0.0,True,1.0
MAR06015,0.0,0.0,True,-3.16805425457445
MAR06938,6.223712835253941e-236,2.0787367501952587e-235,True,-1.0
MAR00838,2.523013547195052e-285,9.759564031397916e-285,True,1.0
MAR11386,1.0768117192423136e-15,1.4397884456107033e-15,True,-0.8461538461538461
MAR00743,5.529756080361251e-63,1.0381295275019805e-62,True,1.0
MAR05576,0.0,0.0,True,-1.505078521819332
MAR03298,0.0,0.0,True,-1.0
MAR03290,1.7492235820299696e-06,1.9712343437961945e-06,True,1.0
MAR12129,0.0,0.0,True,-1.0
MAR00103,6.607762098084648e-199,1.9626626708001426e-198,True,1.0
MAR05383,1.583096794215111e-16,2.1443140616540185e-16,True,1.0
MAR00627,0.0,0.0,True,0.9998888502952413
MAR06297,0.0,0.0,True,1.9493223116966245
MAR01280,5.318760661816324e-227,1.705695096559348e-226,True,1.0
MAR02269,3.0932829988697147e-264,1.1332953130954387e-263,True,-1.0
MAR02328,1.2241554841493768e-136,3.0851191241946414e-136,True,-1.0
MAR05360,7.369090300875429e-16,9.90085099659892e-16,True,1.0
MAR05472,0.0,0.0,True,-1.2951554743199398
MAR08474,0.0,0.0,True,1.0
MAR04851,1.420991293368077e-290,5.583265003076146e-290,True,2.025684634321422
MAR05006,0.0,0.0,True,-1.0
MAR02254,0.0,0.0,True,-0.8574605937530219
MAR05516,0.0,0.0,True,-1.6929693475062568
MAR08452,0.0,0.0,True,0.9364855170041526
MAR06506,0.0,0.0,True,-1.0
MAR09220,0.0,0.0,True,-0.9656790708698743
MAR00273,1.1072502845543827e-180,3.12864038500927e-180,True,1.0
MAR02657,0.0,0.0,True,-1.0
MAR02332,5.313103337559263e-134,1.321654319761751e-133,True,-1.0
MAR01533,7.244723226071667e-282,2.785143982904285e-281,True,-0.989556135770235
MAR02401,6.283426277106529e-233,2.0736968996535436e-232,True,1.0
MAR06127,0.0,0.0,True,-1.0
MAR05092,4.576084047596027e-287,1.7811746799925254e-286,True,-0.8338549550887473
MAR08350,2.2025638207223236e-116,5.15515640966435e-116,True,-1.0
MAR08245,1.1157313408241001e-33,1.7890422206658932e-33,True,1.0
MAR05499,0.0,0.0,True,-2.7784421641863286
MAR06505,0.0,0.0,True,1.0
MAR05500,0.0,0.0,True,11.110779797786357
MAR05512,0.0,0.0,True,-1.4819018783881746
MAR02762,1.3022098987478291e-59,2.3977960866242317e-59,True,1.0
MAR11394,0.0,0.0,True,1.0
MAR05562,0.0,0.0,True,141.99883890757218
MAR06512,0.0,0.0,True,-1.0
MAR05387,0.0,0.0,True,1.0
MAR01671,1.0977266965700495e-271,4.0939134647866566e-271,True,0.9342432702923072
MAR05407,0.0,0.0,True,-1.0
MAR06024,0.0,0.0,True,13.099469095555087
MAR02621,0.0,0.0,True,-1.0
MAR02235,0.0,0.0,True,-0.8287937743190662
MAR13080,0.0,0.0,True,-1.0
MAR04588,0.0,0.0,True,-1.4410219550475327
MAR05555,0.0,0.0,True,-2.9642616384112066
MAR06366,0.0,0.0,True,-1.0
MAR06525,0.0,0.0,True,1.0
MAR00591,0.0,0.0,True,-1.0
MAR02604,0.0,0.0,True,-1.252212389380531
MAR02526,2.4879827406055202e-129,6.09775730629742e-129,True,-1.0
MAR05526,0.0,0.0,True,10.576236442055148
MAR06029,0.0,0.0,True,2.3270532409302644
MAR03327,5.313103337559263e-134,1.321654319761751e-133,True,-1.0
MAR00409,0.0,0.0,True,0.9957760071140931
MAR06001,0.0,0.0,True,-4.010692423346766
MAR04409,3.9286795575290805e-105,8.77534064103407e-105,True,-1.0
MAR03827,0.0,0.0,True,1.0
MAR11405,0.0,0.0,True,1.0
MAR02243,0.0,0.0,True,-0.824427985716175
MAR04097,0.0,0.0,True,-1.0
MAR06585,9.256398497811612e-84,1.889911149921438e-83,True,0.9729729729729729
MAR00752,8.12788713215682e-88,1.698415275940642e-87,True,1.0
MAR02238,0.0,0.0,True,-0.8253846920801623
MAR08449,0.0,0.0,True,0.8762670645665828
MAR04568,0.0,0.0,True,-1.6959042691744222
MAR00259,0.0,0.0,True,0.9997868599136783
MAR03198,0.0,0.0,True,1.0
MAR02611,8.03225543981836e-96,1.7366098199607286e-95,True,-1.0
MAR07152,0.0,0.0,True,-0.9116897355077429
MAR05524,0.0,0.0,True,-5.900389887214125
MAR06011,0.0,0.0,True,5.212975100701916
MAR02544,1.5075361928992265e-258,5.435408672375101e-258,True,-1.0
MAR05538,0.0,0.0,True,0.9198362777119337
MAR00789,5.145848984405932e-64,9.711719528058095e-64,True,1.0
MAR03243,0.0,0.0,True,-1.0
MAR05565,0.0,0.0,True,-1.912899540799466
MAR01519,1.040133254136763e-73,2.0547367134372316e-73,True,0.8282208588957055
MAR02317,8.104471438015003e-129,1.9824172782203365e-128,True,-1.0
MAR05229,0.0,0.0,True,1.0
MAR04548,3.178500719236986e-104,7.068056412207022e-104,True,1.0
MAR09808,0.0,0.0,True,-0.9838070628768305
MAR02315,1.4013006374182575e-135,3.524440615280799e-135,True,-1.0
MAR01573,0.0,0.0,True,1.0
MAR00411,0.0,0.0,True,0.9061434531246692
MAR13046,1.7159001860079139e-184,4.898364947471104e-184,True,1.0
MAR04867,0.0,0.0,True,-0.9652255065567066
MAR01769,0.0,0.0,True,1.0
MAR02403,9.196035759637735e-208,2.7912541630530594e-207,True,1.0
MAR06022,0.0,0.0,True,-8.345599609621443
MAR07625,0.0,0.0,True,1.0
MAR10453,6.144061936918965e-212,1.8763077763295984e-211,True,-1.0
MAR04971,0.0,0.0,True,-1.1095844001362627
MAR05351,0.0,0.0,True,1.0
MAR04855,1.2648578104450944e-222,4.004848016574252e-222,True,-3.0606567946574565
MAR06532,1.1979681866777803e-20,1.7148196361222386e-20,True,1.0
MAR05468,2.529553479526401e-118,5.987889878006044e-118,True,-1.2769317019167623
MAR03294,0.0,0.0,True,1.0
MAR00599,0.0,0.0,True,-1.0
MAR00289,1.7943295882682484e-228,5.79152952487617e-228,True,-1.0
MAR00252,0.0,0.0,True,-3.51627556679235
MAR00750,0.0,0.0,True,-1.0
MAR02418,0.0,0.0,True,-3.8792158731604314
MAR02766,1.1582681881726136e-56,2.104791791326053e-56,True,-1.0
MAR00230,2.7804448531502193e-202,8.308035818694368e-202,True,1.0
MAR06002,0.0,0.0,True,3.3134001192089566
MAR00277,3.1175017620540427e-196,9.204931238254245e-196,True,1.0
MAR06508,0.0,0.0,True,-1.0
MAR07812,8.949959584179312e-121,2.1389031764872973e-120,True,1.0529862471194764
MAR01082,0.0,0.0,True,-1.0
MAR02626,0.0,0.0,True,1.4936053488770786
MAR00301,1.0933549575446113e-236,3.661638414864168e-236,True,1.0
MAR03992,1.0573141119469923e-137,2.6727443863300363e-137,True,1.0
MAR02635,2.5141262540358835e-204,7.548429607484391e-204,True,2.3710247349823317
MAR03885,0.0,0.0,True,1.0
MAR03296,3.3010129828276297e-161,8.942483596259432e-161,True,1.0
MAR02661,0.0,0.0,True,-2.0343998075535246
MAR01672,3.143161402242108e-10,3.836686740995137e-10,True,-1.0
MAR04977,0.0,0.0,True,1.0
MAR11385,1.8563677968613695e-09,2.238587555905808e-09,True,1.0
MAR09348,0.0,0.0,True,1.0
MAR00764,4.002682778810179e-71,7.832700810299135e-71,True,-1.0
MAR11387,3.4297459018708595e-16,4.628023810258406e-16,True,-0.8482142857142857
MAR02256,0.0,0.0,True,-0.8616874135546335
MAR08349,1.4685196501948222e-112,3.370705176850121e-112,True,1.0
MAR09084,0.0,0.0,True,1.0
MAR03142,6.049929117922466e-147,1.5772803708690234e-146,True,1.0
MAR13062,0.0,0.0,True,-1.0
MAR08460,0.0,0.0,True,1.263808842469845
MAR06042,0.0,0.0,True,-1.4251061491705728
MAR02623,0.0,0.0,True,-1.3967051070840197
MAR10020,0.0,0.0,True,-1.0
MAR02196,0.0,0.0,True,-0.8212351944445029
MAR04086,0.0,0.0,True,1.0
MAR02602,0.0,0.0,True,1.243945243945244
MAR04574,4.4017018933952624e-74,8.716068431762842e-74,True,-2.6696603985405556
MAR00381,3.276878503397688e-229,1.061793748828212e-228,True,-1.0
MAR00434,1.7159001860079139e-184,4.898364947471104e-184,True,-1.0
MAR03178,4.9260933239281345e-304,1.969647891538573e-303,True,1.0
MAR04868,0.0,0.0,True,-0.931166001037847
MAR00354,7.105707649012374e-78,1.4239952276534839e-77,True,1.0
MAR04906,0.0,0.0,True,0.9825517993456924
MAR06010,0.0,0.0,True,-4.355844720536994
MAR05302,0.0,0.0,True,1.0
MAR04454,0.0,0.0,True,-2.360571741754611
MAR04003,0.00016232041211307663,0.00017516843781233832,True,1.0
MAR05554,0.0,0.0,True,-4.769418357296876
MAR07829,0.0,0.0,True,-0.9380301941049606
MAR09285,0.00013349301651925088,0.00014443411804663096,True,-1.0
MAR05489,0.0,0.0,True,-27.702535575350467
MAR04944,4.808958234324042e-15,6.348333753776976e-15,True,-1.0
MAR02381,2.8792906275024907e-226,9.1982459867077e-226,True,1.0
MAR05515,0.0,0.0,True,12.827175377494484
MAR00210,2.2259579332703023e-171,6.150348885392475e-171,True,-1.0
MAR08246,1.866671893947957e-41,3.1404898013487207e-41,True,1.0
MAR02642,0.0,0.0,True,2.4134641591714368
MAR05475,0.0,0.0,True,1.0621358150802458
MAR04488,0.0,0.0,True,0.9755143119320369
MAR09292,1.1968461534608873e-29,1.8558925748197105e-29,True,-1.0
MAR03287,1.690722046468961e-05,1.8681804720726564e-05,True,1.0
MAR05509,0.0,0.0,True,14.667851664372876
MAR03908,5.304985902204728e-189,1.5444503880981092e-188,True,-1.0
MAR04330,0.0,0.0,True,-1.0
MAR09870,0.0,0.0,True,1.0
MAR01516,2.2339852302897496e-81,4.527857960660378e-81,True,0.8349705304518664
MAR04060,1.457602784730744e-243,4.988640532103165e-243,True,1.0
MAR05380,1.2857747777661932e-18,1.798210801864715e-18,True,1.0
MAR04847,0.0,0.0,True,-5.05627705627706
MAR00662,0.0,0.0,True,-1.0
MAR04516,0.0,0.0,True,1.0
MAR03820,0.0,0.0,True,0.9981528066801885
MAR12839,9.134976413736297e-126,2.2170978747346363e-125,True,1.0
MAR02263,9.6867846026964e-277,3.661898118746594e-276,True,-1.0
MAR11383,2.321597219050034e-08,2.7426065632243535e-08,True,1.0
MAR01590,2.4846719977672545e-13,3.190559256010963e-13,True,-0.88659793814433
MAR06780,2.7945957201067122e-42,4.7207287215072765e-42,True,1.0
MAR00590,9.6867846026964e-277,3.661898118746594e-276,True,-1.0
MAR06004,0.0,0.0,True,-134.1321236372095
MAR04692,3.4882693423303045e-27,5.281087384171183e-27,True,1.0
MAR04048,0.0,0.0,True,1.0
MAR00366,0.0,0.0,True,1.0
MAR02610,4.4129698613325653e-101,9.68369375903672e-101,True,0.9855958096900918
MAR08455,0.0,0.0,True,0.9536882474056061
MAR00264,0.0,0.0,True,0.8649759404841689
MAR08469,4.0290020167724145e-303,1.608377605095548e-302,True,2.453379490648482
MAR08466,0.0,0.0,True,-1.3985640614123829
MAR05473,0.0,0.0,True,-0.8764629292057735
MAR00249,0.0,0.0,True,1.16534984403729
MAR02753,0.0,0.0,True,-3.452342700455997
MAR03240,0.0,0.0,True,-1.0
MAR07870,0.0,0.0,True,-1.0173326780909504
MAR01616,0.0,0.0,True,-1.0
MAR04335,0.0,0.0,True,-1.0
MAR01577,0.0,0.0,True,1.0
MAR03021,4.27987202778611e-143,1.1031281724510688e-142,True,-1.0
MAR03288,2.3211878296314437e-10,2.8402960445956113e-10,True,1.0
MAR03242,0.0,0.0,True,-1.0
MAR02244,0.0,0.0,True,-0.8268557021708522
MAR03286,1.0915917613597424e-05,1.2120700687995361e-05,True,1.0
MAR02227,0.0,0.0,True,-0.8261183497981553
MAR06034,0.0,0.0,True,-1.3712427334473622
MAR00217,0.0,0.0,True,0.9118361986160389
MAR04297,0.0,0.0,True,1.0
MAR04176,0.0,0.0,True,-1.0
MAR05491,0.0,0.0,True,2.4215532662668164
MAR08741,5.819782449389142e-83,1.1853352825490538e-82,True,0.8297271488611797
MAR07692,0.0,0.0,True,-0.9673831775700934
MAR06026,0.0,0.0,True,-3.2330061467521
MAR11382,0.029225323426275904,0.030106185775622782,True,1.0
MAR05537,0.0,0.0,True,-13.770493594960087
MAR09318,0.0,0.0,True,0.9751059322033898
MAR02245,0.0,0.0,True,-0.825044138712149
MAR02232,0.0,0.0,True,-0.8244693067357853
MAR08454,0.0,0.0,True,-1.0899587319997328
MAR06581,4.153111074317305e-77,8.296246701698699e-77,True,0.9672897196261684
MAR07864,0.0,0.0,True,2.064682776838855
MAR00567,0.0,0.0,True,1.0
MAR03939,0.0,0.0,True,-0.8222919166060515
MAR01268,3.8721461423518834e-256,1.3781746968855846e-255,True,1.0
MAR03241,0.0,0.0,True,-1.0
MAR05505,0.0,0.0,True,-3.367944778734257
MAR08791,0.0,0.0,True,0.8399166176322852
MAR04949,6.926908895158878e-246,2.3871046537874865e-245,True,0.9671276113829158
MAR05466,0.0,0.0,True,-0.8979985235705215
MAR03174,0.0,0.0,True,1.0
MAR00265,5.7690608353924265e-27,8.70768710484217e-27,True,1.0
MAR04513,0.0,0.0,True,-1.0
MAR07891,0.0,0.0,True,-22.101123728515294
MAR00429,3.5296692483930083e-221,1.1133406794867959e-220,True,-1.0
MAR04059,1.0573141119469923e-137,2.6727443863300363e-137,True,1.0
MAR11380,0.012912352230759101,0.013401130954968367,True,1.0
MAR05432,0.0,0.0,True,-0.8467235129990353
MAR00345,1.2295379067920271e-57,2.2441090544594788e-57,True,1.0
MAR11648,0.0,0.0,True,1.0
MAR02344,0.0,0.0,True,-1.0
MAR03277,3.209982841805882e-05,3.521946873485346e-05,True,1.0
MAR06053,0.0,0.0,True,0.8246218481606472
MAR05539,0.0,0.0,True,-1.1369381250072135
MAR05082,0.0,0.0,True,7.883801413634354
MAR02270,2.7050466431246426e-279,1.0319711581951045e-278,True,-1.0
MAR00448,6.103857836584651e-115,1.4219538097365736e-114,True,1.0
MAR05497,0.0,0.0,True,-1.2230578635112468
MAR00598,9.623755032161114e-258,3.449894943281893e-257,True,-1.0
MAR00213,2.883581140542334e-192,8.444289842315873e-192,True,-1.1410505836575875
MAR09925,4.9396956282970015e-39,8.21088647075351e-39,True,1.0
MAR05123,0.0,0.0,True,1.0
MAR05583,0.0,0.0,True,-2.2931863968495785
MAR05018,0.0,0.0,True,-0.9073205897508182
MAR02613,1.094516839708168e-96,2.3705030512776727e-96,True,1.0
MAR02330,7.621910611832312e-140,1.9464346956521614e-139,True,-1.0
MAR00361,0.0,0.0,True,0.8600686253484882
MAR02240,0.0,0.0,True,-0.8255372945638434
MAR04028,0.0,0.0,True,1.1523610648061164
MAR02239,0.0,0.0,True,-0.8279059175640067
MAR00398,0.0,0.0,True,1.0
MAR07993,0.0,0.0,True,1.0
MAR07874,0.0,0.0,True,1.2406160096667858
MAR03956,0.0,0.0,True,0.8810382389566703
MAR10179,1.2279568309794965e-100,2.6922252137907235e-100,True,1.0
MAR05535,0.0,0.0,True,31.07956123494026
MAR07882,0.0,0.0,True,1.7982275267899224
MAR06630,0.0,0.0,True,-0.9938477479519477
MAR05325,0.0,0.0,True,-0.9897797356828193
MAR00196,2.4605561027288845e-244,8.444411934399679e-244,True,1.1123384743643183
MAR07820,0.0,0.0,True,-1.0700673900030075
MAR07872,0.0,0.0,True,-1.402009724815886
MAR13066,0.0,0.0,True,-1.0
MAR00417,8.599856429911389e-243,2.9352451152707137e-242,True,-1.0
MAR05458,0.0,0.0,True,1.8765326830571325
MAR02197,0.0,0.0,True,0.8211878307474348
MAR00089,6.004339469183771e-33,9.566300750711053e-33,True,1.0
MAR05479,0.0,0.0,True,-2.897782120620576
MAR02236,0.0,0.0,True,-0.8267157507231133
MAR00681,9.704116365850591e-220,3.034056432681357e-219,True,-1.0
MAR00622,0.0,0.0,True,0.9999154941479698
MAR04312,0.0,0.0,True,1.0
MAR06044,0.0,0.0,True,-3.6451460591129257
MAR09386,5.817471443266706e-107,1.306443856971236e-106,True,1.0
MAR00211,0.0,0.0,True,-1.0
MAR01009,0.0,0.0,True,-0.9147923875432526
MAR07157,0.0,0.0,True,-1.0
MAR02682,0.0,0.0,True,1.0
MAR00105,0.0,0.0,True,-2.0493906901412013
MAR00455,0.0,0.0,True,1.3613411432033935
MAR05378,1.5702401851850447e-15,2.0905812497527678e-15,True,1.0
MAR04079,7.105707649012374e-78,1.4239952276534839e-77,True,1.0
MAR02265,1.5797675045356538e-267,5.847952409223229e-267,True,-1.0
MAR03398,7.173678985416219e-103,1.5797289557469961e-102,True,-1.0
MAR00671,0.0,0.0,True,-1.0
MAR05553,0.0,0.0,True,-5.362141070561835
MAR05075,0.0,0.0,True,1.0
MAR05471,0.0,0.0,True,1.9830182697383911
MAR00626,0.0,0.0,True,-1.0
MAR08733,0.0,0.0,True,-1.3519230402128197
MAR02250,0.0,0.0,True,-0.8528074442212119
MAR03837,0.0,0.0,True,-1.0
MAR13060,0.0,0.0,True,-1.0
MAR02334,6.50572848195579e-132,1.6102968811983825e-131,True,-1.0
MAR03186,0.0,0.0,True,1.0
MAR03280,1.7492235820299696e-06,1.9712343437961945e-06,True,1.0
MAR12013,0.0,0.0,True,-1.0
MAR00125,0.0,0.0,True,-21.268512585529507
MAR00818,5.76431020842028e-85,1.1866298655122606e-84,True,-1.0
MAR02675,0.0,0.0,True,-1.0
MAR01939,0.0,0.0,True,-1.0
MAR05486,0.0,0.0,True,21.687599890131846
MAR00305,1.531798402842041e-254,5.444212272209248e-254,True,1.0
MAR04295,0.0,0.0,True,1.0
MAR02237,0.0,0.0,True,-0.8222399893397293
MAR03328,2.954780090542833e-124,7.136666336790289e-124,True,-1.0
MAR00271,0.0,0.0,True,1.0
MAR04077,0.0,0.0,True,1.0
MAR00329,1.5075361928992265e-258,5.435408672375101e-258,True,-1.0
MAR11726,0.0,0.0,True,-1.0
MAR03283,1.690722046468961e-05,1.8681804720726564e-05,True,1.0
MAR02253,0.0,0.0,True,-0.8368837492391966
MAR02324,1.5860009962863472e-134,3.9570724857344364e-134,True,-1.0
MAR05460,0.0,0.0,True,6.4410732918245595
MAR05577,5.2412442104666635e-281,2.0087410606934446e-280,True,-3.8761806711732762
MAR02674,4.681876278690443e-148,1.2270253482492285e-147,True,1.0
MAR06043,0.0,0.0,True,-0.9454396971554976
MAR00223,0.0,0.0,True,1.0
MAR06023,0.0,0.0,True,-1.4016626818598685
MAR02255,0.0,0.0,True,-0.8636341780064433
MAR00778,1.5860009962863472e-134,3.9570724857344364e-134,True,-1.0
MAR02249,0.0,0.0,True,-0.8538672975888103
MAR00710,0.0,0.0,True,-0.922969979735143
MAR02605,2.545028969775287e-103,5.609405724018852e-103,True,-3.2352941176470593
MAR00353,0.0,0.0,True,1.0
MAR05552,0.0,0.0,True,-1.2048215343763613
MAR02380,0.0,0.0,True,-1.0
MAR03845,0.0,0.0,True,1.0007162415211655
MAR01692,6.223712835253941e-236,2.0787367501952587e-235,True,1.0
MAR04874,0.0,0.0,True,-3.7750450467185557
MAR02234,0.0,0.0,True,-0.8249020834019023
MAR00335,0.0,0.0,True,-1.0
MAR00107,0.0,0.0,True,0.9294972453397156
MAR06530,3.866163455650273e-91,8.160810339972446e-91,True,-1.0
MAR02624,9.623755032161114e-258,3.449894943281893e-257,True,0.9483120572898177
MAR12843,8.22523681091035e-119,1.9563361147017466e-118,True,1.0
MAR04211,0.0,0.0,True,1.0
MAR11727,0.0,0.0,True,-1.0
MAR08098,3.677996330485201e-84,7.534155044795219e-84,True,-1.0
MAR02369,0.0,0.0,True,-1.0
MAR04871,0.0,0.0,True,2.9075661734586884
MAR00845,0.0,0.0,True,-1.0
MAR06883,0.0,0.0,True,1.0
MAR05556,0.0,0.0,True,4.108478085560072
MAR01700,1.7943295882682484e-228,5.79152952487617e-228,True,1.0
MAR09253,7.44e-321,3.0785e-320,True,-0.8635131805863512
MAR05467,0.0,0.0,True,-1.9448134838516609
MAR00313,2.7492040497230273e-145,7.137631741996829e-145,True,1.0
MAR09091,0.0,0.0,True,1.0
MAR06008,0.0,0.0,True,-1.4585983318278835
MAR10036,0.0,0.0,True,1.0161419149493147
MAR02342,0.0,0.0,True,-1.0
MAR02258,0.0,0.0,True,-0.861818885074699
MAR04075,1.0803862970983087e-230,3.537485316614541e-230,True,1.0
MAR09216,0.0,0.0,True,-1.0
MAR02251,0.0,0.0,True,-0.8536430834213306
MAR02264,8.696354510115212e-262,3.158283042610983e-261,True,-1.0
MAR00682,0.0,0.0,True,-1.0
MAR00331,0.0,0.0,True,-0.9687355512010393
MAR02399,1.0010596819739184e-239,3.393537916474085e-239,True,1.0
MAR10451,0.0,0.0,True,-0.8668314537308822
MAR03326,2.8513106707793296e-126,6.9405074376531e-126,True,-1.0
MAR00287,0.0,0.0,True,1.0
MAR11793,4.6808597738937573e-265,1.7250731367599594e-264,True,-1.0
MAR00231,0.0,0.0,True,1.0
MAR05037,0.0,0.0,True,1.0
MAR06003,0.0,0.0,True,-1.0311397603953818
MAR07757,0.0,0.0,True,-0.8232939763858316
MAR00425,0.0,0.0,True,-1.0
MAR00358,1.9730820464735348e-36,3.232330732732416e-36,True,1.0
MAR06039,0.0,0.0,True,1.1187657930296184
MAR00788,1.6854754603285594e-147,4.403414946093985e-147,True,-1.0
MAR03329,5.313103337559263e-134,1.321654319761751e-133,True,-1.0
MAR05358,2.0224359298863315e-115,4.715866958005979e-115,True,1.0
MAR03293,1.3787445928064639e-06,1.5614924008407297e-06,True,1.0
MAR02622,0.0,0.0,True,-1.0
MAR11908,2.7050466431246426e-279,1.0319711581951045e-278,True,-1.0
MAR05461,2.1489890211363644e-131,5.308641195777455e-131,True,1.760043836116668
MAR02035,3.1175017620540427e-196,9.204931238254245e-196,True,-0.8654434250764527
MAR00215,0.0,0.0,True,-1.0
MAR08676,6.059523534333059e-37,9.959493556100778e-37,True,-2.5616208606136244
MAR09901,0.0,0.0,True,1.0
MAR05390,0.0,0.0,True,1.0
MAR00670,1.2221860773260014e-212,3.7461354581429646e-212,True,-1.0
MAR02266,3.476699126770538e-269,1.290828024001859e-268,True,-1.0
MAR00309,1.0933549575446113e-236,3.661638414864168e-236,True,1.0
MAR00241,5.9614800888747065e-230,1.9417614649794248e-229,True,-1.0
MAR02336,6.049929117922466e-147,1.5772803708690234e-146,True,-1.0
MAR01553,0.0,0.0,True,1.0
MAR02607,1.6742141653587323e-106,3.7496986917145757e-106,True,3.327137546468403
MAR00255,5.515494869858024e-114,1.2777307056913435e-113,True,-1.0
MAR05188,2.6255784492506013e-11,3.257492904465564e-11,True,1.0
MAR00219,0.0,0.0,True,-1.0
MAR07885,0.0,0.0,True,1.3108339542369076
MAR04633,0.0,0.0,True,-0.8266620630486414
MAR01874,0.0,0.0,True,-1.0
MAR02660,0.0,0.0,True,-2.0791979949874686
MAR08214,0.0,0.0,True,-1.0
MAR02326,3.0940781182944927e-138,7.853229811947873e-138,True,-1.0
MAR03053,3.4501915758212364e-144,8.911209090759818e-144,True,-1.0
MAR02603,0.0,0.0,True,1.2563214409421544
MAR00837,3.476699126770538e-269,1.290828024001859e-268,True,1.0
MAR05111,4.265582629717994e-14,5.540150266083495e-14,True,1.0
MAR04480,0.0,0.0,True,0.8516381099635051
MAR00650,3.4882693423303045e-27,5.281087384171183e-27,True,1.0
MAR04880,9.185171040635447e-122,2.2035578602293695e-121,True,1.0
MAR05575,0.0,0.0,True,4.113061949060462
MAR05942,0.0,0.0,True,0.9039513252655156
MAR00350,0.0,0.0,True,1.0
MAR02252,0.0,0.0,True,-0.8555478018143754
MAR02528,7.616605126266247e-130,1.86857716716168e-129,True,-1.0
MAR06031,0.0,0.0,True,0.8648209992723461
MAR06250,3.433746373578779e-33,5.4812522086238345e-33,True,-1.0
MAR02684,0.0,0.0,True,1.0
MAR05208,0.0,0.0,True,1.0
MAR09300,0.0,0.0,True,-1.0
MAR02609,5.568767486084818e-92,1.1814689521923148e-91,True,-0.934852033212689
MAR09044,0.0,0.0,True,0.9827959979522055
MAR09143,0.0,0.0,True,1.0
MAR04073,0.0,0.0,True,1.0
MAR00192,2.968800778577628e-96,6.424247998743437e-96,True,-1.443496801705757
MAR05464,0.0,0.0,True,-1.322856698578652
MAR00110,0.0,0.0,True,-2.3707174759018232
MAR02686,0.0,0.0,True,-1.0
MAR02672,1.6854754603285594e-147,4.403414946093985e-147,True,-1.0
